user_id,full_name,email,Experience_level,city,state,zip_code
1,Karlotte Kidds,kkidds0@bloglines.com,8,Oklahoma City,Oklahoma,73114
2,Nickie Sturrock,nsturrock1@intel.com,1,Tulsa,Oklahoma,74141
3,Natalina Load,nload2@zimbio.com,8,Fresno,California,93740
4,Linnet Janca,ljanca3@wix.com,5,Santa Ana,California,92725
5,Gustave Stell,gstell4@hugedomains.com,8,Tulsa,Oklahoma,74116
6,Tabby Reckhouse,treckhouse5@netvibes.com,1,Fort Lauderdale,Florida,33325
7,Aggie Hatton,ahatton6@kickstarter.com,8,Fort Myers,Florida,33913
8,Anatola Waker,awaker7@meetup.com,5,Austin,Texas,78732
9,Cobby Warn,cwarn8@nsw.gov.au,6,Salt Lake City,Utah,84152
10,Zechariah Persich,zpersich9@1und1.de,2,Dallas,Texas,75205
11,Tallie Delouch,tdeloucha@furl.net,6,Lexington,Kentucky,40576
12,Franklyn Inderwick,finderwickb@123-reg.co.uk,10,Durham,North Carolina,27710
13,Carlyle Edge,cedgec@sbwire.com,10,Dallas,Texas,75342
14,Haze Nicholson,hnicholsond@artisteer.com,3,Saint Paul,Minnesota,55123
15,Joel Lynch,jlynche@sciencedaily.com,10,Des Moines,Iowa,50310
16,Zebedee Tackle,ztacklef@amazonaws.com,5,Dallas,Texas,75251
17,Rosmunda Szapiro,rszapirog@opera.com,3,Richmond,Virginia,23237
18,Alon Collumbine,acollumbineh@cdbaby.com,3,Lexington,Kentucky,40586
19,Vyky Barley,vbarleyi@businessinsider.com,2,Grand Junction,Colorado,81505
20,Dan Gilchrest,dgilchrestj@wix.com,5,Charlotte,North Carolina,28205
21,Meris Smalls,msmallsk@skyrock.com,8,Washington,District of Columbia,20430
22,Amii McTrustam,amctrustaml@dailymail.co.uk,4,New Orleans,Louisiana,70129
23,Nathanil Terbrug,nterbrugm@cdbaby.com,9,Columbus,Ohio,43268
24,Estevan Megarry,emegarryn@de.vu,7,Oklahoma City,Oklahoma,73173
25,Korella Croad,kcroado@guardian.co.uk,8,Morgantown,West Virginia,26505
26,Tonia Thormwell,tthormwellp@indiatimes.com,3,Mesa,Arizona,85215
27,Terza Bass,tbassq@posterous.com,7,Springfield,Illinois,62711
28,Egbert Ratter,eratterr@163.com,8,Fort Wayne,Indiana,46825
29,Prince Pettendrich,ppettendrichs@time.com,1,Lynchburg,Virginia,24503
30,Ramonda Penreth,rpenretht@nps.gov,9,Beaverton,Oregon,97075
31,Keslie Olech,kolechu@ebay.com,4,Melbourne,Florida,32941
32,Meggi Noraway,mnorawayv@wix.com,2,Peoria,Illinois,61656
33,Victoir Shacklady,vshackladyw@biblegateway.com,4,Sacramento,California,94257
34,Nikoletta Neilan,nneilanx@comsenz.com,4,Kansas City,Missouri,64101
35,Dynah Lenihan,dlenihany@4shared.com,6,Indianapolis,Indiana,46231
36,Conny Scates,cscatesz@merriam-webster.com,6,Las Vegas,Nevada,89140
37,Blondy Mc Kellen,bmc10@unblog.fr,3,Jacksonville,Florida,32236
38,Daffy Timmes,dtimmes11@oaic.gov.au,6,Saint Cloud,Minnesota,56398
39,Muhammad Danslow,mdanslow12@bizjournals.com,10,Pompano Beach,Florida,33064
40,Brad Gatling,bgatling13@house.gov,7,Honolulu,Hawaii,96835
41,Davin Acott,dacott14@ft.com,10,Concord,California,94522
42,Shina Cockren,scockren15@fotki.com,7,Port Saint Lucie,Florida,34985
43,Dallas Barham,dbarham16@imdb.com,2,Watertown,Massachusetts,02472
44,Vivianna Stranahan,vstranahan17@creativecommons.org,3,Pittsburgh,Pennsylvania,15225
45,Tull McKeady,tmckeady18@fc2.com,7,Houston,Texas,77005
46,Galvan Nials,gnials19@spotify.com,8,Memphis,Tennessee,38161
47,Austin Oppy,aoppy1a@nasa.gov,6,Richmond,Virginia,23213
48,Alden Kmiec,akmiec1b@surveymonkey.com,1,Boise,Idaho,83705
49,Kamilah Sauvage,ksauvage1c@cnn.com,5,Fort Lauderdale,Florida,33325
50,Fernando Farlham,ffarlham1d@nature.com,10,Seattle,Washington,98127
51,Tadd Baumaier,tbaumaier1e@chronoengine.com,9,Merrifield,Virginia,22119
52,Rheba Gillitt,rgillitt1f@multiply.com,2,Green Bay,Wisconsin,54305
53,Stace Precious,sprecious1g@hud.gov,5,Galveston,Texas,77554
54,Crawford Luney,cluney1h@barnesandnoble.com,1,Salem,Oregon,97312
55,Evin Coburn,ecoburn1i@dedecms.com,5,Sacramento,California,94280
56,April Peerless,apeerless1j@hugedomains.com,10,Dayton,Ohio,45414
57,Seamus Kippie,skippie1k@sogou.com,5,Portsmouth,New Hampshire,03804
58,Northrop Blatcher,nblatcher1l@cisco.com,10,Fresno,California,93740
59,Karolina Jesper,kjesper1m@etsy.com,1,Charlotte,North Carolina,28242
60,Oriana Sheffield,osheffield1n@epa.gov,3,Los Angeles,California,90071
61,Yves Hardware,yhardware1o@wunderground.com,4,Wilmington,Delaware,19892
62,Liliane Marple,lmarple1p@blogger.com,10,Dallas,Texas,75205
63,Renaud Milland,rmilland1q@who.int,2,Austin,Texas,78744
64,Julietta Ilyas,jilyas1r@networkadvertising.org,10,Salt Lake City,Utah,84170
65,Teodorico Berecloth,tberecloth1s@booking.com,6,Des Moines,Iowa,50310
66,Rita Bulter,rbulter1t@indiegogo.com,5,Knoxville,Tennessee,37931
67,Josi Kinkaid,jkinkaid1u@studiopress.com,7,Hialeah,Florida,33013
68,Jinny Ceely,jceely1v@hao123.com,3,Sandy,Utah,84093
69,Kristo Presslee,kpresslee1w@virginia.edu,1,Charlottesville,Virginia,22903
70,Gratia Lambkin,glambkin1x@umn.edu,6,Houston,Texas,77030
71,Matty Salery,msalery1y@4shared.com,2,Orlando,Florida,32813
72,Wilden Ciric,wciric1z@toplist.cz,5,Arlington,Texas,76016
73,Matthiew Kempton,mkempton20@dropbox.com,6,Riverside,California,92513
74,Margit Golightly,mgolightly21@nationalgeographic.com,3,Spokane,Washington,99215
75,Rora Gammade,rgammade22@purevolume.com,6,Washington,District of Columbia,20508
76,Janey Ogborne,jogborne23@gnu.org,9,Melbourne,Florida,32941
77,Kevina Galey,kgaley24@slashdot.org,5,Santa Ana,California,92705
78,Webb Yoakley,wyoakley25@examiner.com,3,Winston Salem,North Carolina,27105
79,Ashby Paradin,aparadin26@seattletimes.com,3,Buffalo,New York,14225
80,Ynez Kyngdon,ykyngdon27@house.gov,5,Hayward,California,94544
81,Lenna Karchewski,lkarchewski28@com.com,2,Loretto,Minnesota,55598
82,Chrystel Eirwin,ceirwin29@blog.com,7,Kingsport,Tennessee,37665
83,Filippo Sutherden,fsutherden2a@elegantthemes.com,5,Salt Lake City,Utah,84135
84,Hewett Hevey,hhevey2b@soup.io,6,Pasadena,California,91199
85,Betty Jurick,bjurick2c@angelfire.com,5,Glendale,California,91205
86,Tam Roache,troache2d@studiopress.com,2,Richmond,Virginia,23203
87,Nelia Grigorian,ngrigorian2e@discovery.com,9,Peoria,Illinois,61629
88,Richardo Roderigo,rroderigo2f@sciencedaily.com,1,Cape Coral,Florida,33915
89,Denney Menghi,dmenghi2g@biblegateway.com,6,Portland,Oregon,97229
90,Toby Klugel,tklugel2h@flickr.com,8,Toledo,Ohio,43605
91,Frederich Glasper,fglasper2i@nsw.gov.au,5,Lincoln,Nebraska,68510
92,Gerhardine Gilliver,ggilliver2j@ifeng.com,8,Dayton,Ohio,45470
93,Merlina Halliburton,mhalliburton2k@people.com.cn,7,Arlington,Virginia,22225
94,Tedman Olford,tolford2l@cam.ac.uk,10,Boise,Idaho,83732
95,Kimberlee Ridgedell,kridgedell2m@dagondesign.com,3,Sioux Falls,South Dakota,57110
96,Terri Hurl,thurl2n@wired.com,7,Boston,Massachusetts,02104
97,Winna Swansbury,wswansbury2o@kickstarter.com,10,North Little Rock,Arkansas,72118
98,Sawyer Gerber,sgerber2p@goo.gl,9,El Paso,Texas,88563
99,Ynez Saban,ysaban2q@msn.com,3,Indianapolis,Indiana,46221
100,Sherie Matthius,smatthius2r@wunderground.com,4,West Palm Beach,Florida,33405
101,Kennedy Records,krecords2s@hexun.com,9,Boise,Idaho,83705
102,Chevalier Peppard,cpeppard2t@blog.com,4,Savannah,Georgia,31410
103,Jamey Kalb,jkalb2u@desdev.cn,10,Greenville,South Carolina,29615
104,Darcie McNirlan,dmcnirlan2v@imdb.com,3,Marietta,Georgia,30061
105,Cele Croxford,ccroxford2w@wikipedia.org,9,Boise,Idaho,83711
106,Dionysus Eccleston,deccleston2x@sina.com.cn,3,Tacoma,Washington,98464
107,Gray Hupka,ghupka2y@quantcast.com,6,Lake Worth,Florida,33462
108,Stephana Miko,smiko2z@simplemachines.org,7,New Castle,Pennsylvania,16107
109,Olag Minkin,ominkin30@istockphoto.com,5,Alpharetta,Georgia,30022
110,Anett Gerhold,agerhold31@privacy.gov.au,4,Austin,Texas,78726
111,Stephannie Aguilar,saguilar32@tinypic.com,1,Honolulu,Hawaii,96825
112,Berry Surman-Wells,bsurmanwells33@last.fm,1,Buffalo,New York,14215
113,Kimberli Bottell,kbottell34@discuz.net,10,Baton Rouge,Louisiana,70894
114,Zarah Lyness,zlyness35@multiply.com,3,New Haven,Connecticut,06510
115,Alexandr Stanning,astanning36@cam.ac.uk,6,Port Saint Lucie,Florida,34985
116,Dale Macveigh,dmacveigh37@moonfruit.com,1,Des Moines,Iowa,50369
117,Tabor Conroy,tconroy38@goo.ne.jp,1,Tulsa,Oklahoma,74103
118,Harlan Wyant,hwyant39@epa.gov,5,Albany,New York,12232
119,Jonell Wroth,jwroth3a@reverbnation.com,3,Charleston,West Virginia,25313
120,Bibbie Veeler,bveeler3b@washington.edu,9,Sioux Falls,South Dakota,57193
121,Barry Dalgety,bdalgety3c@networkadvertising.org,9,Washington,District of Columbia,20599
122,Rodney Cready,rcready3d@ftc.gov,4,Worcester,Massachusetts,01610
123,Agosto Cream,acream3e@theatlantic.com,9,Greensboro,North Carolina,27455
124,Bondy Hebborne,bhebborne3f@umich.edu,7,Cincinnati,Ohio,45223
125,Rubin McKeevers,rmckeevers3g@mysql.com,7,Las Vegas,Nevada,89135
126,Fayth Kelmere,fkelmere3h@cargocollective.com,3,Santa Fe,New Mexico,87592
127,Romonda Manville,rmanville3i@china.com.cn,7,Panama City,Florida,32412
128,Albina Melliard,amelliard3j@cpanel.net,10,Philadelphia,Pennsylvania,19120
129,Gian Knappett,gknappett3k@ameblo.jp,10,Birmingham,Alabama,35254
130,Bartie Haughton,bhaughton3l@xrea.com,1,San Diego,California,92153
131,Loise Duham,lduham3m@smugmug.com,10,Kansas City,Missouri,64199
132,Hobard Nana,hnana3n@archive.org,9,San Jose,California,95113
133,Frankie Gruby,fgruby3o@pbs.org,4,Colorado Springs,Colorado,80951
134,Krystal Vatini,kvatini3p@wsj.com,10,Mesa,Arizona,85205
135,Jeffry Elven,jelven3q@dyndns.org,2,Wilmington,Delaware,19886
136,Seumas Eixenberger,seixenberger3r@oaic.gov.au,7,Visalia,California,93291
137,Willie Rembaud,wrembaud3s@globo.com,9,Waco,Texas,76705
138,Buckie Christin,bchristin3t@state.gov,6,Elizabeth,New Jersey,07208
139,Benn Varran,bvarran3u@odnoklassniki.ru,7,Jacksonville,Florida,32236
140,Odey Rozenbaum,orozenbaum3v@yahoo.co.jp,10,Las Vegas,Nevada,89150
141,Tomas Bubeer,tbubeer3w@weebly.com,7,Philadelphia,Pennsylvania,19146
142,Ned Burgisi,nburgisi3x@hud.gov,9,San Jose,California,95128
143,Glennis Lymbourne,glymbourne3y@reference.com,3,New York City,New York,10170
144,Hertha Thurnham,hthurnham3z@goo.gl,1,Oakland,California,94616
145,Jorge Ranken,jranken40@ft.com,3,Las Vegas,Nevada,89120
146,Garv Semrad,gsemrad41@weibo.com,4,Inglewood,California,90310
147,Dacie Faustin,dfaustin42@lulu.com,1,Evansville,Indiana,47705
148,Honor Vautrey,hvautrey43@zimbio.com,10,Hicksville,New York,11854
149,Trude Shirt,tshirt44@tripadvisor.com,9,Charlotte,North Carolina,28284
150,Pepi Giamelli,pgiamelli45@mapquest.com,1,Lancaster,Pennsylvania,17605
151,Corilla Pizey,cpizey46@meetup.com,1,San Antonio,Texas,78235
152,Lem Tebboth,ltebboth47@geocities.jp,1,Memphis,Tennessee,38136
153,Inglis Hadlee,ihadlee48@bizjournals.com,3,Honolulu,Hawaii,96810
154,Tome Richt,tricht49@lulu.com,9,Honolulu,Hawaii,96815
155,Cooper Chadderton,cchadderton4a@indiatimes.com,8,Houston,Texas,77080
156,Abeu Titchard,atitchard4b@pen.io,10,Torrance,California,90510
157,Belita Spinks,bspinks4c@imgur.com,3,Sandy,Utah,84093
158,Sharia Towersey,stowersey4d@vimeo.com,8,Sioux Falls,South Dakota,57105
159,Nathalie Cambell,ncambell4e@cnet.com,6,San Antonio,Texas,78245
160,Marven Sanches,msanches4f@dyndns.org,5,Salt Lake City,Utah,84199
161,Zsa zsa Bollom,zzsa4g@ask.com,6,Des Moines,Iowa,50335
162,Nicky O'Hanlon,nohanlon4h@reuters.com,4,Memphis,Tennessee,38181
163,Gabriell Paddison,gpaddison4i@unicef.org,1,Buffalo,New York,14210
164,Gilda Tarbett,gtarbett4j@google.com,7,Clearwater,Florida,33763
165,Cecilia Getch,cgetch4k@discovery.com,10,Minneapolis,Minnesota,55407
166,Janek Munt,jmunt4l@adobe.com,9,Washington,District of Columbia,20231
167,Corenda Youngs,cyoungs4m@ox.ac.uk,6,Washington,District of Columbia,20575
168,Jo-ann Helix,jhelix4n@zdnet.com,2,Wilkes Barre,Pennsylvania,18763
169,Karen Brundrett,kbrundrett4o@360.cn,7,Fort Wayne,Indiana,46814
170,Roxine Sabathier,rsabathier4p@who.int,10,Salt Lake City,Utah,84189
171,Elmo Trimby,etrimby4q@cbc.ca,5,Carson City,Nevada,89706
172,Christabel Sheers,csheers4r@springer.com,5,Greeley,Colorado,80638
173,Elna Ferandez,eferandez4s@thetimes.co.uk,3,Birmingham,Alabama,35236
174,Hubey Midgley,hmidgley4t@friendfeed.com,10,New York City,New York,10175
175,Germayne Dwire,gdwire4u@wikimedia.org,3,Bakersfield,California,93399
176,Aarika Foden,afoden4v@ameblo.jp,4,Fort Worth,Texas,76178
177,Gay Jeffcoate,gjeffcoate4w@github.com,8,Atlanta,Georgia,31106
178,Ashlee Ughetti,aughetti4x@hibu.com,10,Portsmouth,Virginia,23705
179,Trenton McWilliams,tmcwilliams4y@simplemachines.org,2,Houston,Texas,77240
180,Aldridge Tschirschky,atschirschky4z@fda.gov,4,Sioux Falls,South Dakota,57110
181,Kiley Faughny,kfaughny50@163.com,6,Austin,Texas,78737
182,Simona Lush,slush51@altervista.org,1,Evansville,Indiana,47747
183,Dilly Backson,dbackson52@newyorker.com,6,Charleston,West Virginia,25326
184,Natala Robbe,nrobbe53@opensource.org,8,Daytona Beach,Florida,32128
185,Rosemary Atwell,ratwell54@imageshack.us,10,Knoxville,Tennessee,37919
186,Georgie Foxley,gfoxley55@domainmarket.com,9,Brooklyn,New York,11225
187,Ritchie Coggan,rcoggan56@hp.com,2,Huntington,West Virginia,25721
188,Abby Burmingham,aburmingham57@bloomberg.com,3,Madison,Wisconsin,53705
189,Seumas MacCaull,smaccaull58@wix.com,5,Topeka,Kansas,66611
190,Marysa Smythe,msmythe59@forbes.com,6,Chico,California,95973
191,Sande Wenn,swenn5a@huffingtonpost.com,1,Irving,Texas,75062
192,Clementius Wibrew,cwibrew5b@behance.net,6,Columbus,Mississippi,39705
193,Crosby Chastelain,cchastelain5c@stumbleupon.com,1,Portland,Oregon,97255
194,Natalina Rohmer,nrohmer5d@bravesites.com,5,Austin,Texas,78789
195,Denni Ayscough,dayscough5e@weebly.com,1,San Francisco,California,94159
196,Roxanna Cordeau],rcordeau5f@is.gd,3,Louisville,Kentucky,40233
197,Arlie Biggadike,abiggadike5g@wiley.com,5,New York City,New York,10170
198,Chalmers Kineton,ckineton5h@de.vu,7,Huntington,West Virginia,25770
199,Daune Momery,dmomery5i@wp.com,7,Washington,District of Columbia,20442
200,Brooke Hickenbottom,bhickenbottom5j@blog.com,1,Milwaukee,Wisconsin,53210
201,Darn Symers,dsymers5k@nsw.gov.au,9,Tallahassee,Florida,32304
202,Link Ratnage,lratnage5l@qq.com,7,South Bend,Indiana,46634
203,Garry Ast,gast5m@nsw.gov.au,8,College Station,Texas,77844
204,Natassia Kiezler,nkiezler5n@yale.edu,1,Mobile,Alabama,36610
205,Ardelis Glason,aglason5o@wunderground.com,4,Houston,Texas,77035
206,Erinna Arkwright,earkwright5p@slashdot.org,3,El Paso,Texas,88569
207,Honey Bortolussi,hbortolussi5q@indiegogo.com,10,Washington,District of Columbia,20470
208,Brook Wannell,bwannell5r@weibo.com,4,Scottsdale,Arizona,85260
209,Forrest Grichukhin,fgrichukhin5s@joomla.org,8,San Antonio,Texas,78265
210,Doria Espadater,despadater5t@icq.com,10,Springfield,Illinois,62711
211,Ilka Costall,icostall5u@google.es,10,Charleston,West Virginia,25305
212,Cissy Cottem,ccottem5v@eepurl.com,1,Saint Louis,Missouri,63121
213,Cornelle Nicholas,cnicholas5w@alexa.com,9,Santa Monica,California,90410
214,Natty Ebbett,nebbett5x@twitter.com,8,Houston,Texas,77255
215,Janeva Tracey,jtracey5y@adobe.com,4,Tallahassee,Florida,32314
216,Agna Simms,asimms5z@instagram.com,9,Brooklyn,New York,11231
217,Hurley Tharme,htharme60@addthis.com,6,Mount Vernon,New York,10557
218,Jack Cutajar,jcutajar61@slate.com,1,Philadelphia,Pennsylvania,19191
219,Clo Ricker,cricker62@reference.com,1,Evansville,Indiana,47732
220,Chickie Hassent,chassent63@reverbnation.com,9,Jacksonville,Florida,32220
221,Damaris Marquet,dmarquet64@zimbio.com,9,Omaha,Nebraska,68117
222,Cullan Doughton,cdoughton65@typepad.com,2,Fort Lauderdale,Florida,33355
223,Ajay Semmens,asemmens66@delicious.com,4,Albany,New York,12262
224,Idell Pendrigh,ipendrigh67@businesswire.com,7,Baltimore,Maryland,21203
225,Blakelee Trangmar,btrangmar68@cisco.com,9,San Francisco,California,94154
226,Orsola MacElane,omacelane69@yellowpages.com,3,Wichita,Kansas,67210
227,Miquela Franssen,mfranssen6a@netlog.com,6,Aurora,Colorado,80044
228,Brucie Hasluck,bhasluck6b@amazon.de,10,Atlanta,Georgia,30392
229,Gabey Horley,ghorley6c@scribd.com,8,Austin,Texas,78726
230,Isadore Millington,imillington6d@reddit.com,4,Chicago,Illinois,60674
231,Ayn Plumm,aplumm6e@linkedin.com,3,Lexington,Kentucky,40515
232,Titos Pechacek,tpechacek6f@sun.com,1,San Diego,California,92153
233,Perceval Honsch,phonsch6g@sbwire.com,6,Washington,District of Columbia,20010
234,Renard Plank,rplank6h@dailymail.co.uk,6,Houston,Texas,77005
235,Ana Kerridge,akerridge6i@51.la,8,Rochester,New York,14609
236,Erny Kener,ekener6j@cnet.com,6,Trenton,New Jersey,08603
237,Amelita Benkin,abenkin6k@photobucket.com,3,Miami,Florida,33185
238,Arielle Marzellano,amarzellano6l@macromedia.com,1,Hayward,California,94544
239,Michail Bardwell,mbardwell6m@google.es,3,Crawfordsville,Indiana,47937
240,Suellen Urien,surien6n@archive.org,1,Bronx,New York,10474
241,Farrel Haselup,fhaselup6o@jalbum.net,7,Washington,District of Columbia,20062
242,Bibbie Rainer,brainer6p@ebay.co.uk,2,Kansas City,Missouri,64153
243,Tarrance Scothron,tscothron6q@gizmodo.com,10,Houston,Texas,77040
244,Mandy Berth,mberth6r@over-blog.com,7,Tampa,Florida,33661
245,Petronille Jekel,pjekel6s@china.com.cn,4,Seattle,Washington,98175
246,Paolina Wake,pwake6t@wix.com,10,Charlotte,North Carolina,28289
247,Jervis Huby,jhuby6u@qq.com,10,Tulsa,Oklahoma,74133
248,Phillipe Dun,pdun6v@livejournal.com,10,Houston,Texas,77240
249,Hart Churchman,hchurchman6w@mtv.com,5,Indianapolis,Indiana,46278
250,Merry Zollner,mzollner6x@youku.com,5,Las Vegas,Nevada,89150
251,Germain Hayden,ghayden6y@cornell.edu,6,Minneapolis,Minnesota,55458
252,Lothario Rickert,lrickert6z@amazon.de,3,Santa Barbara,California,93106
253,Roxanne Gowanlock,rgowanlock70@google.cn,3,Jacksonville,Florida,32215
254,Teresita Margetson,tmargetson71@google.co.uk,2,Orlando,Florida,32813
255,Zacharia Craw,zcraw72@vimeo.com,1,Valley Forge,Pennsylvania,19495
256,Patrizio Sayce,psayce73@meetup.com,1,Washington,District of Columbia,20010
257,Thorny Kervin,tkervin74@is.gd,3,Sarasota,Florida,34233
258,Gwenny Simoncelli,gsimoncelli75@foxnews.com,6,Sacramento,California,94280
259,Joelly Blonden,jblonden76@miibeian.gov.cn,4,Atlanta,Georgia,30316
260,Jerrine Mulmuray,jmulmuray77@deliciousdays.com,9,Albuquerque,New Mexico,87180
261,Matilde Van Arsdall,mvan78@japanpost.jp,5,Anchorage,Alaska,99517
262,Jerald Stanhope,jstanhope79@wikipedia.org,5,San Antonio,Texas,78291
263,Arri Swafford,aswafford7a@elpais.com,3,Gulfport,Mississippi,39505
264,Kayle Gaggen,kgaggen7b@kickstarter.com,6,Brooklyn,New York,11205
265,Luciano Mocher,lmocher7c@phoca.cz,9,Fairfax,Virginia,22036
266,Kalindi Coney,kconey7d@feedburner.com,7,Chicago,Illinois,60674
267,Remy Gorey,rgorey7e@google.ca,10,Young America,Minnesota,55551
268,Agatha Jupe,ajupe7f@typepad.com,2,Fort Lauderdale,Florida,33320
269,Lezlie Stanlick,lstanlick7g@ihg.com,6,Denver,Colorado,80241
270,Aaren Eliez,aeliez7h@mapy.cz,3,Anniston,Alabama,36205
271,Jenica Lonnon,jlonnon7i@msn.com,6,Colorado Springs,Colorado,80915
272,Lorrayne Stanney,lstanney7j@squarespace.com,7,Fresno,California,93786
273,Jesse Wilne,jwilne7k@miitbeian.gov.cn,2,Modesto,California,95354
274,Danice Rookwell,drookwell7l@mail.ru,8,Pensacola,Florida,32595
275,Elga Plumridge,eplumridge7m@boston.com,6,Seattle,Washington,98115
276,Yanaton Dondon,ydondon7n@twitpic.com,10,Mountain View,California,94042
277,Anna-diana Nichol,anichol7o@soundcloud.com,9,Portland,Oregon,97201
278,Rosemaria Overil,roveril7p@xrea.com,9,Anchorage,Alaska,99517
279,Dennie Antoniazzi,dantoniazzi7q@wp.com,5,Chicago,Illinois,60686
280,Annalise Dutteridge,adutteridge7r@aol.com,4,Lancaster,California,93584
281,Leann Rathbourne,lrathbourne7s@360.cn,5,Savannah,Georgia,31422
282,Josi Rape,jrape7t@cdc.gov,3,Silver Spring,Maryland,20904
283,Kristan Basili,kbasili7u@infoseek.co.jp,7,Salem,Oregon,97312
284,Micky Extill,mextill7v@time.com,8,Anchorage,Alaska,99599
285,Kipp Antunez,kantunez7w@netvibes.com,4,Washington,District of Columbia,20370
286,Bernice Watmore,bwatmore7x@hp.com,4,Torrance,California,90505
287,Clementina Gauson,cgauson7y@nba.com,2,Santa Rosa,California,95405
288,Taffy Veldstra,tveldstra7z@tmall.com,2,Chicago,Illinois,60657
289,Fielding Spurett,fspurett80@domainmarket.com,8,Saint Paul,Minnesota,55115
290,Gerrie Toleman,gtoleman81@engadget.com,10,Las Vegas,Nevada,89120
291,Kirsti Swayne,kswayne82@squarespace.com,9,Atlanta,Georgia,31165
292,Claiborn Maddyson,cmaddyson83@clickbank.net,10,Mesa,Arizona,85210
293,Kristofor Eatock,keatock84@theatlantic.com,4,Pasadena,California,91199
294,Concordia Stegel,cstegel85@marketwatch.com,5,Dallas,Texas,75353
295,Fanni Jancso,fjancso86@usatoday.com,6,Chicago,Illinois,60681
296,Jamey Tregear,jtregear87@unblog.fr,9,Toledo,Ohio,43635
297,Elwin Robotham,erobotham88@livejournal.com,9,Tallahassee,Florida,32304
298,Caressa Tomkin,ctomkin89@indiatimes.com,9,Maple Plain,Minnesota,55579
299,Eveleen Offiler,eoffiler8a@icq.com,5,Washington,District of Columbia,20226
300,Lilian Mazzia,lmazzia8b@sina.com.cn,8,Bozeman,Montana,59771
301,Toddie Ellacombe,tellacombe8c@boston.com,1,Cincinnati,Ohio,45271
302,Dedie Rottery,drottery8d@time.com,5,Providence,Rhode Island,02912
303,Goldia Martugin,gmartugin8e@pcworld.com,3,Omaha,Nebraska,68134
304,Dana Shawyers,dshawyers8f@mashable.com,6,Indianapolis,Indiana,46221
305,Gus Gallego,ggallego8g@example.com,4,Shreveport,Louisiana,71161
306,Kean Newcomen,knewcomen8h@businesswire.com,10,Mesa,Arizona,85210
307,Jeremiah Follacaro,jfollacaro8i@xrea.com,8,Shreveport,Louisiana,71115
308,Annora Blackborow,ablackborow8j@cbsnews.com,10,Roanoke,Virginia,24020
309,Aurlie Fobidge,afobidge8k@newsvine.com,8,San Francisco,California,94169
310,Fairlie Chastelain,fchastelain8l@stanford.edu,7,Scottsdale,Arizona,85271
311,Karla Phillis,kphillis8m@nymag.com,1,Roanoke,Virginia,24009
312,Bailey Wanka,bwanka8n@va.gov,8,Philadelphia,Pennsylvania,19136
313,Gearard Caldeyroux,gcaldeyroux8o@linkedin.com,8,Zephyrhills,Florida,33543
314,Kim McGaugan,kmcgaugan8p@ustream.tv,4,Columbia,Missouri,65211
315,Anderson Bondar,abondar8q@youtu.be,8,Dallas,Texas,75210
316,Alard Gludor,agludor8r@liveinternet.ru,2,Mansfield,Ohio,44905
317,Amaleta Jiggens,ajiggens8s@webs.com,1,Springfield,Illinois,62794
318,Lilias Hackin,lhackin8t@tmall.com,2,Pittsburgh,Pennsylvania,15210
319,Ryley Arne,rarne8u@mac.com,2,Lansing,Michigan,48930
320,Lydia Brewood,lbrewood8v@prnewswire.com,2,New York City,New York,10060
321,Charleen Rusbridge,crusbridge8w@yellowpages.com,7,Sioux City,Iowa,51105
322,Derek Fay,dfay8x@wikipedia.org,5,Trenton,New Jersey,08650
323,Kipper Costley,kcostley8y@homestead.com,9,Albany,New York,12255
324,Anabel Gabbot,agabbot8z@adobe.com,4,Montgomery,Alabama,36177
325,Vale Brevitt,vbrevitt90@vistaprint.com,4,Phoenix,Arizona,85053
326,Deloris Froud,dfroud91@hugedomains.com,9,Springfield,Massachusetts,01114
327,Tallie McKeating,tmckeating92@freewebs.com,9,Toledo,Ohio,43656
328,Jason Tadgell,jtadgell93@guardian.co.uk,9,Decatur,Georgia,30089
329,Welby Birtle,wbirtle94@boston.com,4,Fredericksburg,Virginia,22405
330,Neville Gley,ngley95@walmart.com,8,Los Angeles,California,90055
331,Tristan Dugget,tdugget96@mashable.com,7,El Paso,Texas,88579
332,Cheston Dymidowicz,cdymidowicz97@examiner.com,1,Birmingham,Alabama,35263
333,Brion O'Neary,boneary98@w3.org,6,Dallas,Texas,75392
334,Leilah Yo,lyo99@unesco.org,3,Chicago,Illinois,60619
335,Avigdor Robertsen,arobertsen9a@craigslist.org,10,Melbourne,Florida,32919
336,Sydelle Lipsett,slipsett9b@marriott.com,3,Huntsville,Alabama,35810
337,Cordie Willshear,cwillshear9c@deliciousdays.com,4,Fargo,North Dakota,58122
338,Parnell Gow,pgow9d@imdb.com,7,Midland,Texas,79705
339,Vilma Salsbury,vsalsbury9e@indiatimes.com,3,Wilmington,Delaware,19897
340,Ezra Buffery,ebuffery9f@geocities.com,3,Lansing,Michigan,48901
341,Catie Tennet,ctennet9g@baidu.com,3,Baton Rouge,Louisiana,70883
342,Ailee Kenwrick,akenwrick9h@scribd.com,3,Honolulu,Hawaii,96815
343,Carmelia Joyner,cjoyner9i@histats.com,3,Greensboro,North Carolina,27425
344,Melicent Lansley,mlansley9j@barnesandnoble.com,2,Tampa,Florida,33680
345,Winthrop Brandreth,wbrandreth9k@army.mil,1,Indianapolis,Indiana,46226
346,Calley Secrett,csecrett9l@miitbeian.gov.cn,3,Pasadena,California,91199
347,Helga Matusiak,hmatusiak9m@nyu.edu,6,Baltimore,Maryland,21229
348,Rudy Plevin,rplevin9n@usgs.gov,1,Fort Smith,Arkansas,72916
349,Zondra Larne,zlarne9o@live.com,5,San Francisco,California,94169
350,Minda Calfe,mcalfe9p@ft.com,3,Houston,Texas,77293
351,Perl Beese,pbeese9q@woothemes.com,1,Trenton,New Jersey,08650
352,Dorita Abrey,dabrey9r@blinklist.com,2,Monroe,Louisiana,71213
353,Shep Smead,ssmead9s@csmonitor.com,6,Saint Louis,Missouri,63110
354,Simonette Coltart,scoltart9t@chronoengine.com,6,Albany,New York,12247
355,Estella Braunlein,ebraunlein9u@ehow.com,6,Yonkers,New York,10705
356,Eimile Dufore,edufore9v@macromedia.com,6,Greensboro,North Carolina,27404
357,Tresa Claisse,tclaisse9w@cam.ac.uk,3,Las Vegas,Nevada,89145
358,Tish Smails,tsmails9x@cnbc.com,10,Madison,Wisconsin,53779
359,Cletis Shorter,cshorter9y@illinois.edu,3,Charlotte,North Carolina,28220
360,Callean Kneale,ckneale9z@wp.com,1,Yakima,Washington,98907
361,Lesley Walewski,lwalewskia0@miitbeian.gov.cn,6,Pensacola,Florida,32520
362,Gabriel Jandak,gjandaka1@printfriendly.com,4,Atlanta,Georgia,30356
363,Leda Creddon,lcreddona2@amazon.com,2,Chicago,Illinois,60686
364,Ike Jira,ijiraa3@google.com.hk,7,Torrance,California,90505
365,Clive Esselin,cesselina4@umich.edu,6,Los Angeles,California,90040
366,Janine Crook,jcrooka5@craigslist.org,5,West Palm Beach,Florida,33405
367,Bail Wolver,bwolvera6@blogger.com,8,Jamaica,New York,11447
368,Colan Grindle,cgrindlea7@pinterest.com,6,Winston Salem,North Carolina,27105
369,Wilden Jeary,wjearya8@mysql.com,8,Washington,District of Columbia,20057
370,Bendicty Creamen,bcreamena9@friendfeed.com,1,Tacoma,Washington,98411
371,Malcolm Kynder,mkynderaa@sourceforge.net,1,Silver Spring,Maryland,20918
372,Nickolas Kempster,nkempsterab@meetup.com,2,Carson City,Nevada,89706
373,Loraine Lynn,llynnac@boston.com,1,Washington,District of Columbia,20370
374,Damaris Housiaux,dhousiauxad@plala.or.jp,4,Atlanta,Georgia,31196
375,Peggi Peak,ppeakae@theatlantic.com,9,Kansas City,Missouri,64125
376,Art Brydone,abrydoneaf@kickstarter.com,1,Kansas City,Missouri,64101
377,Lanita Currer,lcurrerag@microsoft.com,9,Pasadena,California,91131
378,Danell Burnall,dburnallah@google.ru,2,Akron,Ohio,44315
379,Wenda Eymer,weymerai@comcast.net,10,Elmira,New York,14905
380,Faye Lehon,flehonaj@ca.gov,4,Springfield,Missouri,65810
381,Elwyn Waycott,ewaycottak@jigsy.com,3,Miami,Florida,33142
382,Ugo Abernethy,uabernethyal@devhub.com,9,Washington,District of Columbia,20525
383,Ezri Bulter,ebulteram@si.edu,9,Woburn,Massachusetts,01813
384,Lamond Titley,ltitleyan@over-blog.com,5,Chicago,Illinois,60663
385,Lindy Bovis,lbovisao@php.net,10,Largo,Florida,33777
386,Marget Alenov,malenovap@gov.uk,1,Las Vegas,Nevada,89130
387,Ricard Stait,rstaitaq@hexun.com,5,Los Angeles,California,90045
388,Carly Risson,crissonar@un.org,1,Austin,Texas,78749
389,Hube Hartwell,hhartwellas@joomla.org,9,Washington,District of Columbia,20456
390,Frederich Jenkins,fjenkinsat@boston.com,6,Charleston,West Virginia,25313
391,Maddy Vuittet,mvuittetau@dailymail.co.uk,6,El Paso,Texas,79955
392,Olenka Tutt,otuttav@dell.com,2,Bronx,New York,10469
393,Arty Benduhn,abenduhnaw@wikimedia.org,1,Evansville,Indiana,47725
394,Godart Leeves,gleevesax@youku.com,9,Saginaw,Michigan,48609
395,Adrianne Marshman,amarshmanay@example.com,4,Saint Paul,Minnesota,55188
396,Jerrie Pauwel,jpauwelaz@1und1.de,9,Gadsden,Alabama,35905
397,Efrem Pennings,epenningsb0@mozilla.org,7,Tacoma,Washington,98447
398,Gerhardine Speares,gspearesb1@typepad.com,6,Washington,District of Columbia,20099
399,Morna Oosthout de Vree,moosthoutb2@diigo.com,8,Wichita,Kansas,67220
400,Aurilia Elliss,aellissb3@dot.gov,7,Pittsburgh,Pennsylvania,15261
401,Ava Whatson,awhatsonb4@prlog.org,4,Dallas,Texas,75387
402,Nicol Letchmore,nletchmoreb5@google.com,2,Sacramento,California,94291
403,Lebbie Nettle,lnettleb6@boston.com,7,Memphis,Tennessee,38143
404,Johnathon Belliss,jbellissb7@shinystat.com,10,Lexington,Kentucky,40546
405,Trefor Townrow,ttownrowb8@ibm.com,7,Austin,Texas,78744
406,Antonella Davley,adavleyb9@list-manage.com,5,Tampa,Florida,33694
407,Blair Reckhouse,breckhouseba@zdnet.com,2,Flint,Michigan,48555
408,Kristin Sherwyn,ksherwynbb@time.com,5,Columbus,Ohio,43240
409,Hal Mitchiner,hmitchinerbc@ustream.tv,8,Washington,District of Columbia,20557
410,Roseanna Geeson,rgeesonbd@lycos.com,6,Chicago,Illinois,60674
411,Sayre Bredes,sbredesbe@vimeo.com,4,Toledo,Ohio,43610
412,Nicolea Sidwell,nsidwellbf@homestead.com,4,Houston,Texas,77010
413,Sherill Winston,swinstonbg@is.gd,4,Fort Myers,Florida,33906
414,Sophronia Doubrava,sdoubravabh@weather.com,2,Santa Fe,New Mexico,87592
415,Ellynn Node,enodebi@creativecommons.org,8,Fresno,California,93773
416,Ede Piburn,epiburnbj@is.gd,1,Charleston,West Virginia,25321
417,Lindsay Showering,lshoweringbk@google.it,4,Mobile,Alabama,36689
418,Lowe Drummond,ldrummondbl@gmpg.org,7,El Paso,Texas,88519
419,Jackqueline Gaylord,jgaylordbm@huffingtonpost.com,1,Hartford,Connecticut,06145
420,Georgie Cutajar,gcutajarbn@wordpress.org,7,Charleston,West Virginia,25313
421,Pier Guwer,pguwerbo@dell.com,10,Lansing,Michigan,48956
422,Maggee Ingall,mingallbp@toplist.cz,9,Spokane,Washington,99215
423,Nilson Rees,nreesbq@wikia.com,6,Philadelphia,Pennsylvania,19125
424,Bobbi Trower,btrowerbr@clickbank.net,6,Louisville,Kentucky,40298
425,Reiko Wrefford,rwreffordbs@feedburner.com,4,Bethesda,Maryland,20892
426,Edgardo Moneti,emonetibt@creativecommons.org,1,San Jose,California,95150
427,Vincenty Castellone,vcastellonebu@marketwatch.com,6,Indianapolis,Indiana,46247
428,Elias Riha,erihabv@youku.com,6,Atlanta,Georgia,30311
429,Hetty Carlett,hcarlettbw@ustream.tv,3,Cambridge,Massachusetts,02142
430,Vina Dumbrill,vdumbrillbx@mail.ru,7,Johnstown,Pennsylvania,15906
431,Ethe Mundall,emundallby@msn.com,9,Houston,Texas,77035
432,Becca Watman,bwatmanbz@aboutads.info,10,Greensboro,North Carolina,27415
433,Gerik Roadknight,groadknightc0@go.com,1,Hollywood,Florida,33028
434,Lorri Blair,lblairc1@canalblog.com,7,Wilkes Barre,Pennsylvania,18768
435,Therese Morman,tmormanc2@g.co,6,Austin,Texas,78737
436,Malinda Furnival,mfurnivalc3@apache.org,8,El Paso,Texas,88558
437,Pattin Nelthorp,pnelthorpc4@webs.com,8,San Angelo,Texas,76905
438,Elfreda Magrane,emagranec5@google.co.uk,4,Winston Salem,North Carolina,27105
439,Perl Kwiek,pkwiekc6@jigsy.com,10,Tampa,Florida,33625
440,Ileane Vinter,ivinterc7@163.com,3,West Palm Beach,Florida,33416
441,Rod McQuirter,rmcquirterc8@comsenz.com,10,Denver,Colorado,80223
442,Patten Wasielewicz,pwasielewiczc9@123-reg.co.uk,1,Albuquerque,New Mexico,87115
443,Zebulon Tickner,zticknerca@google.de,4,Spokane,Washington,99215
444,Taddeusz Turrill,tturrillcb@dyndns.org,5,Pittsburgh,Pennsylvania,15250
445,Darcee Scorthorne,dscorthornecc@youku.com,3,Dayton,Ohio,45414
446,Jenelle Tozer,jtozercd@smugmug.com,6,Syracuse,New York,13217
447,Isador Prazor,iprazorce@amazon.com,3,Pittsburgh,Pennsylvania,15225
448,Dari Guidetti,dguidetticf@usa.gov,3,Las Vegas,Nevada,89130
449,Cherrita Muzzullo,cmuzzullocg@hugedomains.com,9,Utica,New York,13505
450,Bordy Goodman,bgoodmanch@unblog.fr,6,Norfolk,Virginia,23520
451,Avrit Hencke,ahenckeci@digg.com,6,Cedar Rapids,Iowa,52405
452,Arabele Breckon,abreckoncj@jimdo.com,1,Concord,California,94522
453,Cos Hollerin,chollerinck@ehow.com,3,Syracuse,New York,13217
454,Dasya Layhe,dlayhecl@bloglines.com,4,Fort Wayne,Indiana,46805
455,Fern Platts,fplattscm@china.com.cn,9,Colorado Springs,Colorado,80951
456,Kizzie Beves,kbevescn@cpanel.net,5,Lafayette,Louisiana,70593
457,Timothee Winchurst,twinchurstco@sitemeter.com,3,Watertown,Massachusetts,02472
458,Quill Birdwhistle,qbirdwhistlecp@addtoany.com,8,Rochester,New York,14619
459,Joela Risely,jriselycq@technorati.com,6,Corpus Christi,Texas,78405
460,Micaela Sherville,mshervillecr@aboutads.info,9,Dallas,Texas,75287
461,Lenette Donohue,ldonohuecs@arstechnica.com,7,Philadelphia,Pennsylvania,19151
462,Mike Bellocht,mbellochtct@feedburner.com,6,Silver Spring,Maryland,20918
463,Lianna Esch,leschcu@mtv.com,3,Tallahassee,Florida,32309
464,Salem Hakonsson,shakonssoncv@hud.gov,4,Washington,District of Columbia,20370
465,Bell Weald,bwealdcw@uol.com.br,6,Birmingham,Alabama,35263
466,Ailee Iacobassi,aiacobassicx@desdev.cn,8,Saint Louis,Missouri,63121
467,Caspar Lowndsbrough,clowndsbroughcy@lycos.com,1,Jacksonville,Florida,32225
468,Robin Gewer,rgewercz@webmd.com,7,New York City,New York,10155
469,Sasha Bruggen,sbruggend0@goo.gl,3,New York City,New York,10170
470,Vasily Male,vmaled1@feedburner.com,9,Jackson,Mississippi,39236
471,Russell Lewsie,rlewsied2@tamu.edu,7,Pittsburgh,Pennsylvania,15225
472,Alyss Riddall,ariddalld3@homestead.com,9,Denver,Colorado,80217
473,Darcy Allberry,dallberryd4@newsvine.com,7,Jackson,Mississippi,39204
474,Ardyce Agglio,aaggliod5@cisco.com,10,Nashville,Tennessee,37240
475,Adair Rospars,arosparsd6@clickbank.net,8,Cleveland,Ohio,44125
476,Kora Dietmar,kdietmard7@chicagotribune.com,9,Richmond,Virginia,23285
477,Adrienne Kasper,akasperd8@amazon.de,3,San Antonio,Texas,78245
478,Cammy Nethercott,cnethercottd9@weebly.com,8,Orlando,Florida,32819
479,Cecil Witheford,cwithefordda@newyorker.com,8,Corpus Christi,Texas,78405
480,Lise Emanueli,lemanuelidb@i2i.jp,2,Houston,Texas,77025
481,Dottie Popley,dpopleydc@xrea.com,3,Richmond,Virginia,23225
482,Guthrey Krolak,gkrolakdd@google.fr,4,Seattle,Washington,98166
483,Wakefield Nagle,wnaglede@delicious.com,1,Raleigh,North Carolina,27610
484,Archambault O'Donoghue,aodonoghuedf@fda.gov,5,Hagerstown,Maryland,21747
485,Allen McGlade,amcgladedg@chicagotribune.com,9,Juneau,Alaska,99812
486,Vallie Mewett,vmewettdh@t-online.de,5,Atlanta,Georgia,31106
487,Sal Skevington,sskevingtondi@symantec.com,6,Wilmington,Delaware,19892
488,Portie Berrow,pberrowdj@ifeng.com,2,Hicksville,New York,11854
489,Bernardine Laflin,blaflindk@jimdo.com,4,Knoxville,Tennessee,37939
490,Rivi Youll,ryoulldl@google.com.au,5,Pasadena,Texas,77505
491,Shirlene Hingeley,shingeleydm@reference.com,5,Sioux Falls,South Dakota,57198
492,Jazmin Mannock,jmannockdn@examiner.com,10,Washington,District of Columbia,20099
493,Jeremias Bellwood,jbellwooddo@constantcontact.com,4,Erie,Pennsylvania,16505
494,Conrade Chadwen,cchadwendp@prnewswire.com,8,Columbus,Georgia,31904
495,Elvera Orred,eorreddq@google.co.jp,6,Austin,Texas,78744
496,Jocelyn Clapton,jclaptondr@who.int,8,New York City,New York,10155
497,Errick Bullock,ebullockds@cmu.edu,1,Colorado Springs,Colorado,80930
498,Savina Retter,sretterdt@blinklist.com,5,Brockton,Massachusetts,02305
499,Cybill Goldsack,cgoldsackdu@theatlantic.com,8,Minneapolis,Minnesota,55423
500,Malia Longstaffe,mlongstaffedv@so-net.ne.jp,5,Des Moines,Iowa,50981
501,Waylon Votier,wvotierdw@bbc.co.uk,1,Troy,Michigan,48098
502,Angelico Hasted,ahasteddx@phoca.cz,2,Des Moines,Iowa,50347
503,Konstantin Mannin,kmannindy@google.de,1,Colorado Springs,Colorado,80930
504,Abra Tregian,atregiandz@ocn.ne.jp,7,Riverside,California,92513
505,Dyan Howsley,dhowsleye0@umich.edu,10,Birmingham,Alabama,35220
506,Winny Ciccone,wcicconee1@archive.org,3,Brooklyn,New York,11231
507,Phyllida Dalla,pdallae2@infoseek.co.jp,2,Minneapolis,Minnesota,55423
508,Jameson Drover,jdrovere3@unblog.fr,3,Los Angeles,California,90035
509,Cherise Gapper,cgappere4@wordpress.org,3,New York City,New York,10009
510,Hillery Goodayle,hgoodaylee5@yellowpages.com,10,Charlotte,North Carolina,28215
511,Panchito Rantoull,prantoulle6@ehow.com,9,Warren,Ohio,44485
512,Lacey Galle,lgallee7@senate.gov,10,Dayton,Ohio,45426
513,Kirstin Songest,ksongeste8@prlog.org,10,Springfield,Massachusetts,01105
514,Gav Creasy,gcreasye9@weibo.com,8,Oklahoma City,Oklahoma,73173
515,Rocky St Pierre,rstea@biblegateway.com,3,Roanoke,Virginia,24029
516,Katrine Blencowe,kblencoweeb@tripod.com,3,Saint Louis,Missouri,63167
517,Federica Brosch,fbroschec@cnbc.com,3,Tallahassee,Florida,32314
518,Baxie Geillier,bgeilliered@jugem.jp,6,Aurora,Colorado,80015
519,Kori Plom,kplomee@theguardian.com,7,Greensboro,North Carolina,27455
520,Franny Beggi,fbeggief@hao123.com,7,Washington,District of Columbia,20220
521,Bernita Wase,bwaseeg@cdbaby.com,8,Austin,Texas,78789
522,Standford FitzGeorge,sfitzgeorgeeh@google.de,2,Miami,Florida,33196
523,Meggi Mort,mmortei@mlb.com,5,Des Moines,Iowa,50936
524,Brannon Aldine,baldineej@facebook.com,6,Kansas City,Missouri,64193
525,Kellyann Wernham,kwernhamek@hud.gov,10,Abilene,Texas,79699
526,Corrie Kenneway,ckennewayel@sakura.ne.jp,3,Tampa,Florida,33625
527,Billie Boldt,bboldtem@google.com,9,Iowa City,Iowa,52245
528,Wendell Maber,wmaberen@w3.org,7,Fort Myers,Florida,33906
529,Maurene Simister,msimistereo@topsy.com,9,Racine,Wisconsin,53405
530,Phebe Serjeantson,pserjeantsonep@privacy.gov.au,10,Springfield,Illinois,62711
531,Glenn Matthiesen,gmatthieseneq@oaic.gov.au,2,El Paso,Texas,79989
532,Sallie Lantuff,slantuffer@liveinternet.ru,7,Charlottesville,Virginia,22908
533,Hieronymus Hune,hhunees@washingtonpost.com,3,El Paso,Texas,79916
534,Ashlee Rediers,aredierset@surveymonkey.com,10,Winston Salem,North Carolina,27157
535,Esther Matthiae,ematthiaeeu@nytimes.com,4,Anaheim,California,92825
536,Sherill Tamplin,stamplinev@delicious.com,8,Dayton,Ohio,45403
537,Clara Barwise,cbarwiseew@kickstarter.com,1,Pittsburgh,Pennsylvania,15255
538,Shep Masson,smassonex@storify.com,2,Melbourne,Florida,32941
539,Elke Einchcombe,eeinchcombeey@behance.net,7,Monroe,Louisiana,71208
540,Sayres Boame,sboameez@issuu.com,3,Jamaica,New York,11431
541,Bren Fenck,bfenckf0@imdb.com,6,Suffolk,Virginia,23436
542,Esmaria Petteford,epettefordf1@edublogs.org,4,South Bend,Indiana,46699
543,Elane Gindghill,egindghillf2@archive.org,3,Fullerton,California,92640
544,Natale Eastam,neastamf3@rambler.ru,2,New Orleans,Louisiana,70179
545,Ferd Mouat,fmouatf4@huffingtonpost.com,9,El Paso,Texas,88514
546,Almeria Ziehm,aziehmf5@imageshack.us,2,Boise,Idaho,83722
547,Griff Khosa,gkhosaf6@nasa.gov,5,Johnson City,Tennessee,37605
548,Sapphira Menguy,smenguyf7@webmd.com,6,New York City,New York,10019
549,Sid Bowery,sboweryf8@github.com,5,Raleigh,North Carolina,27635
550,Edsel Jovey,ejoveyf9@globo.com,8,Mobile,Alabama,36628
551,Rachel Gahan,rgahanfa@imgur.com,8,Inglewood,California,90310
552,Carin O'Cannavan,cocannavanfb@mit.edu,5,Memphis,Tennessee,38136
553,Carmen Puckring,cpuckringfc@eventbrite.com,8,Dallas,Texas,75342
554,Waiter Goffe,wgoffefd@usda.gov,8,Bloomington,Illinois,61709
555,Filippo Van Arsdalen,fvanfe@printfriendly.com,4,El Paso,Texas,79950
556,Gilberto Drabble,gdrabbleff@geocities.com,8,Hialeah,Florida,33013
557,Ryann Linkie,rlinkiefg@nature.com,2,Santa Clara,California,95054
558,Eveline Pohlke,epohlkefh@msu.edu,8,Lancaster,Pennsylvania,17605
559,Ephrem Norrie,enorriefi@weather.com,3,New York City,New York,10155
560,Trueman Lumly,tlumlyfj@uol.com.br,4,Memphis,Tennessee,38131
561,Stace Sturgeon,ssturgeonfk@nba.com,3,Chicago,Illinois,60686
562,Chantalle Fobidge,cfobidgefl@arizona.edu,4,Winston Salem,North Carolina,27116
563,Coretta McGennis,cmcgennisfm@china.com.cn,1,Dallas,Texas,75323
564,Saidee Lefever,slefeverfn@behance.net,3,Springfield,Illinois,62711
565,Godart Twist,gtwistfo@storify.com,3,Sioux Falls,South Dakota,57105
566,Gaelan De Caville,gdefp@bandcamp.com,10,Phoenix,Arizona,85053
567,Mil Ware,mwarefq@issuu.com,5,Buffalo,New York,14276
568,Tisha Coom,tcoomfr@quantcast.com,8,Newport Beach,California,92662
569,Darb Abelwhite,dabelwhitefs@prlog.org,10,Oakland,California,94616
570,Myrvyn Grishankov,mgrishankovft@arizona.edu,7,Birmingham,Alabama,35263
571,Diandra Rulten,drultenfu@eventbrite.com,8,Shreveport,Louisiana,71166
572,Darlleen Bulcroft,dbulcroftfv@craigslist.org,8,Philadelphia,Pennsylvania,19191
573,Willow Brixey,wbrixeyfw@blogtalkradio.com,10,Youngstown,Ohio,44511
574,Amata Gurrado,agurradofx@aol.com,4,Cleveland,Ohio,44130
575,Arlana Maggiore,amaggiorefy@artisteer.com,9,Saint Louis,Missouri,63126
576,Betti Curtis,bcurtisfz@51.la,9,Englewood,Colorado,80150
577,Lilith Stoddard,lstoddardg0@wunderground.com,2,Anchorage,Alaska,99512
578,Agata McKeighen,amckeigheng1@hibu.com,4,Kansas City,Missouri,64160
579,Ned Wherry,nwherryg2@blogtalkradio.com,4,Paterson,New Jersey,07544
580,Torrence Pomfrett,tpomfrettg3@zdnet.com,7,Dallas,Texas,75221
581,Eileen Brecon,ebrecong4@omniture.com,6,East Saint Louis,Illinois,62205
582,Harald Cheeld,hcheeldg5@howstuffworks.com,9,Roanoke,Virginia,24040
583,Pippo Condliffe,pcondliffeg6@bravesites.com,1,Portland,Oregon,97216
584,Janie Strangwood,jstrangwoodg7@people.com.cn,5,Fort Worth,Texas,76110
585,Amanda Dobbs,adobbsg8@dyndns.org,1,Los Angeles,California,90050
586,Gertie Broadstock,gbroadstockg9@163.com,4,Bronx,New York,10469
587,Randene Marrion,rmarrionga@histats.com,9,Birmingham,Alabama,35236
588,Braden Golledge,bgolledgegb@mapquest.com,6,Ogden,Utah,84409
589,Coriss Sims,csimsgc@wisc.edu,9,Milwaukee,Wisconsin,53277
590,Myrvyn Ashfield,mashfieldgd@csmonitor.com,2,New Orleans,Louisiana,70142
591,Clareta Hargerie,chargeriege@ftc.gov,6,Washington,District of Columbia,20099
592,Doe Rodders,droddersgf@ihg.com,10,Tucson,Arizona,85743
593,Darb Atwood,datwoodgg@yale.edu,3,Winston Salem,North Carolina,27157
594,Saunder Luce,slucegh@sfgate.com,10,Pasadena,California,91125
595,Delmor Quantrell,dquantrellgi@parallels.com,7,South Lake Tahoe,California,96154
596,Bernice Scholler,bschollergj@hao123.com,6,Largo,Florida,33777
597,Stephani Carreyette,scarreyettegk@last.fm,2,Pasadena,California,91109
598,Freedman Cianni,fciannigl@state.gov,9,Elmira,New York,14905
599,Johnna Brooksby,jbrooksbygm@comsenz.com,2,Atlanta,Georgia,31106
600,Jackson Orrill,jorrillgn@skyrock.com,3,Atlanta,Georgia,30343
601,Geoff Daws,gdawsgo@google.de,5,Huntsville,Alabama,35895
602,Gillian Glidder,ggliddergp@usnews.com,5,Waterbury,Connecticut,06721
603,Gerri Boydon,gboydongq@theglobeandmail.com,3,Apache Junction,Arizona,85219
604,Wanids Holt,wholtgr@pagesperso-orange.fr,5,Fort Worth,Texas,76147
605,Wilfred Dakhno,wdakhnogs@archive.org,10,Winston Salem,North Carolina,27150
606,Lin Antushev,lantushevgt@rakuten.co.jp,10,Montgomery,Alabama,36109
607,Alla McMackin,amcmackingu@fda.gov,2,Honolulu,Hawaii,96845
608,Gavan Gladdifh,ggladdifhgv@google.co.jp,1,Cincinnati,Ohio,45271
609,Kamila Cappel,kcappelgw@scribd.com,6,Stamford,Connecticut,06922
610,Magdaia Vigrass,mvigrassgx@salon.com,5,Brooklyn,New York,11220
611,Maryann Templar,mtemplargy@nifty.com,3,Portland,Oregon,97240
612,Bennett Walkinshaw,bwalkinshawgz@dyndns.org,9,Richmond,Virginia,23285
613,Horatia Murrells,hmurrellsh0@chron.com,5,Chicago,Illinois,60686
614,Angelico Hubble,ahubbleh1@instagram.com,1,Honolulu,Hawaii,96845
615,Adrian Dillimore,adillimoreh2@discovery.com,7,Indianapolis,Indiana,46221
616,Kitti Boliver,kboliverh3@nbcnews.com,4,Boise,Idaho,83757
617,Meghan Bartoszewski,mbartoszewskih4@51.la,7,Fort Lauderdale,Florida,33310
618,Olympe Caze,ocazeh5@ameblo.jp,2,Tulsa,Oklahoma,74126
619,Hardy Beggini,hbegginih6@drupal.org,8,Jackson,Mississippi,39282
620,Myca Hinkensen,mhinkensenh7@yolasite.com,7,Little Rock,Arkansas,72222
621,Quintina Minto,qmintoh8@ustream.tv,6,Clearwater,Florida,34615
622,Dominica Beese,dbeeseh9@sfgate.com,8,Columbus,Ohio,43204
623,Gelya Mole,gmoleha@ameblo.jp,8,Lincoln,Nebraska,68531
624,Franz Molineaux,fmolineauxhb@oaic.gov.au,8,New York City,New York,10165
625,Alaster Kellert,akellerthc@wufoo.com,9,Miami,Florida,33142
626,Marcelline Gelsthorpe,mgelsthorpehd@pagesperso-orange.fr,7,Saint Louis,Missouri,63104
627,Ada Laba,alabahe@wikispaces.com,3,Detroit,Michigan,48217
628,Miran Dreini,mdreinihf@meetup.com,10,Valley Forge,Pennsylvania,19495
629,Geneva Leadstone,gleadstonehg@lulu.com,3,Richmond,California,94807
630,Wyatt Tenaunt,wtenaunthh@unicef.org,7,Memphis,Tennessee,38197
631,Stanislaus Novis,snovishi@posterous.com,1,Houston,Texas,77065
632,Randell Cunnah,rcunnahhj@spiegel.de,2,San Diego,California,92196
633,Sophey Cheney,scheneyhk@rambler.ru,1,Montgomery,Alabama,36195
634,Adina Sign,asignhl@cnet.com,10,Melbourne,Florida,32941
635,Ferd Baroche,fbarochehm@webeden.co.uk,9,El Paso,Texas,79916
636,Talia Moneypenny,tmoneypennyhn@indiegogo.com,4,Mobile,Alabama,36622
637,Korry Gunnell,kgunnellho@live.com,6,Colorado Springs,Colorado,80925
638,Gregoor Karim,gkarimhp@cnn.com,7,Hamilton,Ohio,45020
639,Dody Veysey,dveyseyhq@slideshare.net,7,Arlington,Texas,76016
640,Arley Chastey,achasteyhr@reverbnation.com,8,Des Moines,Iowa,50347
641,Archaimbaud Scedall,ascedallhs@ebay.co.uk,2,Kissimmee,Florida,34745
642,Lorianna Habbeshaw,lhabbeshawht@engadget.com,10,Charleston,West Virginia,25331
643,Piggy Camillo,pcamillohu@icio.us,3,Oklahoma City,Oklahoma,73190
644,Rozella Carleman,rcarlemanhv@barnesandnoble.com,1,Philadelphia,Pennsylvania,19109
645,Roseann Miners,rminershw@goodreads.com,7,Burbank,California,91520
646,Ingamar Chansonne,ichansonnehx@tamu.edu,10,Newark,New Jersey,07112
647,Kennett Fleetham,kfleethamhy@tripadvisor.com,1,Orlando,Florida,32803
648,Del Slayton,dslaytonhz@google.de,2,Cincinnati,Ohio,45208
649,Leia Tesseyman,ltesseymani0@barnesandnoble.com,9,Scottsdale,Arizona,85260
650,Ned Milsap,nmilsapi1@csmonitor.com,5,Phoenix,Arizona,85015
651,Orin Poulett,opouletti2@comsenz.com,2,Los Angeles,California,90035
652,Boigie Ruggieri,bruggierii3@usda.gov,9,Washington,District of Columbia,20575
653,Antoni Novak,anovaki4@narod.ru,8,Oklahoma City,Oklahoma,73135
654,Elena Noades,enoadesi5@foxnews.com,8,Fort Worth,Texas,76129
655,Daniela Morecomb,dmorecombi6@ftc.gov,3,Gainesville,Florida,32627
656,Karlen Crowe,kcrowei7@wordpress.com,1,Charlotte,North Carolina,28247
657,Sigismond Klimke,sklimkei8@ifeng.com,9,Chicago,Illinois,60630
658,Freemon Sullivan,fsullivani9@state.gov,10,Shawnee Mission,Kansas,66205
659,Tiler Willsmore,twillsmoreia@hostgator.com,5,Roanoke,Virginia,24034
660,Erda Cheney,echeneyib@nbcnews.com,1,Ogden,Utah,84403
661,Everard Seine,eseineic@wordpress.com,10,Seminole,Florida,34642
662,Patin Arthy,parthyid@slideshare.net,10,Wilkes Barre,Pennsylvania,18763
663,Tiffie Paulley,tpaulleyie@webmd.com,10,Richmond,Virginia,23289
664,Barrie McMakin,bmcmakinif@histats.com,10,Atlanta,Georgia,30301
665,Vernon Schiefersten,vschieferstenig@oaic.gov.au,6,New York City,New York,10024
666,Lemmy Salters,lsaltersih@cocolog-nifty.com,3,New York City,New York,10131
667,Thom Marchetti,tmarchettiii@google.ca,8,Tallahassee,Florida,32309
668,Salvador Skarin,sskarinij@wired.com,3,Boynton Beach,Florida,33436
669,Brock Sotworth,bsotworthik@irs.gov,5,Ocala,Florida,34479
670,Amanda Lucio,alucioil@issuu.com,10,Stamford,Connecticut,06922
671,Kermy Domanski,kdomanskiim@disqus.com,4,Washington,District of Columbia,20010
672,Caty Siggers,csiggersin@netlog.com,3,Round Rock,Texas,78682
673,Harman Caccavella,hcaccavellaio@apple.com,9,San Diego,California,92137
674,Agneta Eschalotte,aeschalotteip@dailymotion.com,7,Green Bay,Wisconsin,54305
675,Yehudi Caldera,ycalderaiq@infoseek.co.jp,4,Chicago,Illinois,60686
676,Anthia Cornill,acornillir@whitehouse.gov,5,Springfield,Illinois,62718
677,Fania Devaney,fdevaneyis@e-recht24.de,8,Beaverton,Oregon,97075
678,Christy Tewelson,ctewelsonit@canalblog.com,4,Warren,Michigan,48092
679,Wake Meineking,wmeinekingiu@networksolutions.com,8,Long Beach,California,90805
680,Cassius Oneile,coneileiv@cbc.ca,1,Harrisburg,Pennsylvania,17105
681,Johnathan De Mattia,jdeiw@dagondesign.com,2,Miami,Florida,33283
682,Birgit Ropkins,bropkinsix@edublogs.org,9,Phoenix,Arizona,85053
683,Hali Betteriss,hbetterissiy@earthlink.net,10,Shreveport,Louisiana,71151
684,Linc Conry,lconryiz@dion.ne.jp,5,Topeka,Kansas,66699
685,Ross Innocenti,rinnocentij0@ning.com,2,Colorado Springs,Colorado,80945
686,Glyn Semonin,gsemoninj1@elegantthemes.com,8,Oklahoma City,Oklahoma,73157
687,Vivia Miskimmon,vmiskimmonj2@ed.gov,5,Sacramento,California,94237
688,Fernande McFaell,fmcfaellj3@123-reg.co.uk,9,Muskegon,Michigan,49444
689,Natty Pleasaunce,npleasauncej4@webmd.com,1,Denver,Colorado,80228
690,Neill Spilsbury,nspilsburyj5@dell.com,2,Virginia Beach,Virginia,23459
691,Melly Bessent,mbessentj6@gnu.org,8,Herndon,Virginia,22070
692,Bebe Francescoccio,bfrancescoccioj7@nbcnews.com,1,Odessa,Texas,79764
693,Anna-maria Yanshonok,ayanshonokj8@dot.gov,3,Los Angeles,California,90081
694,Vlad Brayfield,vbrayfieldj9@163.com,8,Sacramento,California,94280
695,Emanuele Percival,epercivalja@ning.com,8,High Point,North Carolina,27264
696,Nathanael Veale,nvealejb@youtu.be,3,Washington,District of Columbia,20062
697,Lisbeth Twopenny,ltwopennyjc@ihg.com,6,Syracuse,New York,13210
698,Wynn O'Spillane,wospillanejd@stumbleupon.com,3,Las Vegas,Nevada,89193
699,Celina Flicker,cflickerje@washingtonpost.com,10,Sarasota,Florida,34238
700,Humfried Huton,hhutonjf@yellowpages.com,3,Philadelphia,Pennsylvania,19131
701,Orran Skirlin,oskirlinjg@taobao.com,4,Augusta,Georgia,30911
702,Jeannine Ballefant,jballefantjh@dailymail.co.uk,6,Wilmington,Delaware,19805
703,Titos Hache,thacheji@guardian.co.uk,2,Milwaukee,Wisconsin,53225
704,Myron Brandenburg,mbrandenburgjj@t.co,4,San Antonio,Texas,78230
705,Stacie Rudsdale,srudsdalejk@unesco.org,5,Denver,Colorado,80270
706,Carver Kirdsch,ckirdschjl@csmonitor.com,2,Rochester,New York,14604
707,Maryjane Spittle,mspittlejm@goo.gl,10,Yonkers,New York,10705
708,Merrick Narducci,mnarduccijn@addtoany.com,10,Springfield,Missouri,65805
709,Clemens O'Hingerty,cohingertyjo@comcast.net,9,Columbus,Ohio,43220
710,Linc Randell,lrandelljp@macromedia.com,1,Wichita Falls,Texas,76310
711,Tedmund Absolem,tabsolemjq@ustream.tv,7,Indianapolis,Indiana,46295
712,Cassandre Jordeson,cjordesonjr@squarespace.com,7,Amarillo,Texas,79165
713,Minetta Bruun,mbruunjs@hugedomains.com,7,Birmingham,Alabama,35254
714,Peder Burnsyde,pburnsydejt@netscape.com,8,Decatur,Georgia,30089
715,Cherin Kobiera,ckobieraju@symantec.com,3,Boston,Massachusetts,02104
716,Hurley Coupman,hcoupmanjv@paypal.com,5,Shreveport,Louisiana,71115
717,Christy Fathers,cfathersjw@washington.edu,8,Huntington,West Virginia,25721
718,Mimi Lethabridge,mlethabridgejx@domainmarket.com,8,Cincinnati,Ohio,45296
719,Cyrillus Odlin,codlinjy@ustream.tv,4,Fort Wayne,Indiana,46862
720,Conn Perazzo,cperazzojz@icio.us,5,Tampa,Florida,33647
721,Shoshana Waller-Bridge,swallerbridgek0@about.com,7,Beaufort,South Carolina,29905
722,Pascal Peattie,ppeattiek1@flavors.me,8,Washington,District of Columbia,20409
723,Obadias Bottell,obottellk2@java.com,4,Young America,Minnesota,55564
724,Gertie Millson,gmillsonk3@wiley.com,9,Chicago,Illinois,60630
725,Saul Jennemann,sjennemannk4@slate.com,8,New Orleans,Louisiana,70149
726,Dora Ellings,dellingsk5@booking.com,2,Toledo,Ohio,43666
727,Britni Trematick,btrematickk6@myspace.com,6,Sacramento,California,95828
728,Erie Rivelon,erivelonk7@abc.net.au,6,Huntsville,Alabama,35805
729,Bertha Robberts,brobbertsk8@com.com,5,Philadelphia,Pennsylvania,19115
730,Asher Dosdale,adosdalek9@earthlink.net,5,Cumming,Georgia,30130
731,Aviva Custard,acustardka@harvard.edu,1,Atlanta,Georgia,30351
732,Collie D'Onise,cdonisekb@com.com,5,San Diego,California,92165
733,Vanda McCurry,vmccurrykc@vistaprint.com,4,Sacramento,California,94291
734,Jerome Sibbson,jsibbsonkd@princeton.edu,1,Dayton,Ohio,45470
735,Keriann Dobbison,kdobbisonke@163.com,7,Honolulu,Hawaii,96850
736,Doralyn Hazell,dhazellkf@cocolog-nifty.com,7,Phoenix,Arizona,85072
737,Aidan Kennler,akennlerkg@baidu.com,5,Modesto,California,95354
738,Amber Rentenbeck,arentenbeckkh@intel.com,1,Orlando,Florida,32813
739,Nara McMorran,nmcmorranki@linkedin.com,6,Moreno Valley,California,92555
740,Dodie Menault,dmenaultkj@ycombinator.com,8,Sacramento,California,94250
741,Taddeo Agett,tagettkk@zimbio.com,5,Salem,Oregon,97312
742,Berget Skeermer,bskeermerkl@huffingtonpost.com,3,Juneau,Alaska,99812
743,Kasey Coaster,kcoasterkm@shinystat.com,8,Austin,Texas,78789
744,Fanni Sillars,fsillarskn@imdb.com,9,Memphis,Tennessee,38136
745,Kalinda Tsarovic,ktsarovicko@blogspot.com,3,Jefferson City,Missouri,65105
746,Shurwood Ondracek,sondracekkp@cdbaby.com,1,Hartford,Connecticut,06105
747,Robinia Hodcroft,rhodcroftkq@ucoz.ru,9,Orlando,Florida,32813
748,Sal Iacovino,siacovinokr@xrea.com,5,Salt Lake City,Utah,84140
749,Gan Shearman,gshearmanks@independent.co.uk,8,Fort Worth,Texas,76115
750,Kristal Lawless,klawlesskt@shinystat.com,5,Las Vegas,Nevada,89160
751,Selestina Barense,sbarenseku@intel.com,10,Washington,District of Columbia,20409
752,Zachary Kinchington,zkinchingtonkv@example.com,9,Albany,New York,12247
753,Michel Mannix,mmannixkw@etsy.com,2,Washington,District of Columbia,20041
754,Gerhard Gilson,ggilsonkx@wisc.edu,4,Wilkes Barre,Pennsylvania,18706
755,Emmalyn Bowmer,ebowmerky@eepurl.com,10,Saint Paul,Minnesota,55127
756,Bat Saffell,bsaffellkz@hostgator.com,3,Alexandria,Louisiana,71307
757,Isabelle Ferrero,iferrerol0@ovh.net,9,Vancouver,Washington,98682
758,Krystle Huckster,khucksterl1@marriott.com,10,Milwaukee,Wisconsin,53225
759,Juliette O'Glessane,joglessanel2@cnn.com,6,Gilbert,Arizona,85297
760,Denny Rohlf,drohlfl3@uiuc.edu,1,Huntington,West Virginia,25711
761,Amery Bertholin,abertholinl4@time.com,3,Lexington,Kentucky,40596
762,Kit Soreau,ksoreaul5@utexas.edu,8,Murfreesboro,Tennessee,37131
763,Minnie Franzonello,mfranzonellol6@meetup.com,2,Atlanta,Georgia,30351
764,Calvin Tigwell,ctigwelll7@nps.gov,8,Topeka,Kansas,66622
765,Allis Despenser,adespenserl8@addthis.com,10,Charleston,West Virginia,25362
766,Dimitri Kyllford,dkyllfordl9@amazonaws.com,6,Chicago,Illinois,60609
767,Nissy Wheelwright,nwheelwrightla@mtv.com,9,Miami,Florida,33124
768,Joe Langelaan,jlangelaanlb@nifty.com,5,Saint Cloud,Minnesota,56398
769,Stacy Mc Kellen,smclc@angelfire.com,1,Birmingham,Alabama,35242
770,Francis Looker,flookerld@sciencedirect.com,3,Pensacola,Florida,32590
771,Rubetta Charker,rcharkerle@trellian.com,6,Knoxville,Tennessee,37939
772,Dasi MacCoughen,dmaccoughenlf@theguardian.com,7,El Paso,Texas,88579
773,Emmie Renfree,erenfreelg@dagondesign.com,4,Dallas,Texas,75216
774,Thaddeus Whales,twhaleslh@rediff.com,2,Merrifield,Virginia,22119
775,Carey Westgate,cwestgateli@reverbnation.com,7,Warren,Ohio,44485
776,Balduin Pickring,bpickringlj@canalblog.com,7,New Orleans,Louisiana,70142
777,Barnabe Champniss,bchampnisslk@salon.com,1,Duluth,Georgia,30096
778,Eric Thrift,ethriftll@bloglines.com,4,Fairfield,Connecticut,06825
779,Prescott Surmon,psurmonlm@php.net,8,Fort Myers,Florida,33906
780,Pamela Thomkins,pthomkinsln@unesco.org,2,New York City,New York,10165
781,Gretna Poplee,gpopleelo@so-net.ne.jp,3,Little Rock,Arkansas,72222
782,Isak Ferneyhough,iferneyhoughlp@elegantthemes.com,5,Jacksonville,Florida,32230
783,Rudie Kyme,rkymelq@ft.com,4,Huntington,West Virginia,25770
784,Link Crowdace,lcrowdacelr@surveymonkey.com,1,Toledo,Ohio,43605
785,Lodovico Smoughton,lsmoughtonls@bluehost.com,4,Columbia,Missouri,65211
786,Seamus Humphries,shumphrieslt@google.es,3,Charlotte,North Carolina,28289
787,Locke Cabbell,lcabbelllu@mac.com,5,Hartford,Connecticut,06105
788,Simonne Waye,swayelv@1688.com,4,Miami,Florida,33169
789,Jordon Bezants,jbezantslw@hostgator.com,1,Tucson,Arizona,85748
790,Claudio Claiton,cclaitonlx@bloomberg.com,4,Fort Wayne,Indiana,46805
791,Mart Cawthorn,mcawthornly@sfgate.com,10,Shreveport,Louisiana,71161
792,De witt Crannach,dwittlz@sphinn.com,7,Milwaukee,Wisconsin,53205
793,Dee dee Korpolak,ddeem0@barnesandnoble.com,9,Oxnard,California,93034
794,Terrill Paolo,tpaolom1@networkadvertising.org,7,Scottsdale,Arizona,85255
795,Braden Labone,blabonem2@nymag.com,6,Pinellas Park,Florida,34665
796,Cobby Deluze,cdeluzem3@facebook.com,5,Scottsdale,Arizona,85260
797,Hugues Ugoletti,hugolettim4@dailymotion.com,7,Colorado Springs,Colorado,80915
798,Ulrich Tolemache,utolemachem5@omniture.com,1,Columbus,Georgia,31998
799,Rodney Scaysbrook,rscaysbrookm6@ycombinator.com,9,Washington,District of Columbia,20005
800,Raviv Clulee,rcluleem7@unc.edu,2,Wilkes Barre,Pennsylvania,18706
801,Wernher Cameron,wcameronm8@china.com.cn,7,Portland,Oregon,97240
802,Natasha Hixley,nhixleym9@goodreads.com,8,Anderson,Indiana,46015
803,Sascha Butfield,sbutfieldma@fotki.com,2,Huntsville,Alabama,35810
804,Gaylord Theuss,gtheussmb@wix.com,3,Anaheim,California,92812
805,Benn Fontel,bfontelmc@princeton.edu,7,Winter Haven,Florida,33884
806,Jessie Caseley,jcaseleymd@cnbc.com,5,San Jose,California,95128
807,Iolande Boddie,iboddieme@time.com,6,Albuquerque,New Mexico,87140
808,Marylou Pala,mpalamf@columbia.edu,3,Beaumont,Texas,77713
809,Cassandra Carlsson,ccarlssonmg@ed.gov,5,Lincoln,Nebraska,68510
810,Allx Aronovich,aaronovichmh@mit.edu,10,Buffalo,New York,14276
811,Issi Naden,inadenmi@mayoclinic.com,2,Largo,Florida,33777
812,Theadora Rodenhurst,trodenhurstmj@about.com,1,Los Angeles,California,90087
813,Salomi Anstice,sansticemk@ted.com,4,Atlanta,Georgia,30323
814,Jess Muttock,jmuttockml@sakura.ne.jp,9,Santa Rosa,California,95405
815,Blake Hughill,bhughillmm@dedecms.com,2,Oklahoma City,Oklahoma,73157
816,Xylia Aizic,xaizicmn@uol.com.br,2,Washington,District of Columbia,20337
817,Stillmann Burrill,sburrillmo@homestead.com,10,Kansas City,Missouri,64149
818,Janos Clipson,jclipsonmp@opensource.org,5,Pittsburgh,Pennsylvania,15286
819,Sansone Ebenezer,sebenezermq@pbs.org,5,Richmond,Virginia,23289
820,Warner ducarme,wducarmemr@qq.com,4,Lexington,Kentucky,40581
821,Verena Sanbroke,vsanbrokems@cmu.edu,6,Topeka,Kansas,66622
822,Allister Tomaszewicz,atomaszewiczmt@uol.com.br,9,Albany,New York,12262
823,Cedric Croster,ccrostermu@rambler.ru,8,Madison,Wisconsin,53785
824,Megen Quarrington,mquarringtonmv@nationalgeographic.com,7,Athens,Georgia,30605
825,Natassia Simonin,nsimoninmw@zdnet.com,1,Columbus,Ohio,43204
826,Dorthy Vaun,dvaunmx@msu.edu,3,New York City,New York,10115
827,Desi Olsen,dolsenmy@patch.com,4,Washington,District of Columbia,20310
828,Dusty Wither,dwithermz@over-blog.com,3,Syracuse,New York,13224
829,Sean Durram,sdurramn0@delicious.com,10,Migrate,Kentucky,41905
830,Jonas Soppit,jsoppitn1@csmonitor.com,1,New Orleans,Louisiana,70154
831,Joellyn Balogh,jbaloghn2@weebly.com,2,Palm Bay,Florida,32909
832,Thomasina Barnsdale,tbarnsdalen3@cbslocal.com,10,Rochester,Minnesota,55905
833,Bogey Bergeon,bbergeonn4@reverbnation.com,2,Houston,Texas,77025
834,Stephine Cherryman,scherrymann5@last.fm,4,Albuquerque,New Mexico,87105
835,Jessey Ends,jendsn6@stumbleupon.com,3,Tulsa,Oklahoma,74184
836,Guilbert Ferrarin,gferrarinn7@reuters.com,4,Jackson,Mississippi,39216
837,Libbie Roote,lrooten8@webs.com,2,Richmond,Virginia,23220
838,Anselm Shortcliffe,ashortcliffen9@jalbum.net,4,Washington,District of Columbia,20062
839,Barri Russi,brussina@hubpages.com,5,Dayton,Ohio,45440
840,Billy Jull,bjullnb@elegantthemes.com,3,New Haven,Connecticut,06505
841,Darby Wignall,dwignallnc@noaa.gov,3,Odessa,Texas,79764
842,Cathi Deluze,cdeluzend@tripadvisor.com,5,Saint Louis,Missouri,63158
843,Nevins Stenners,nstennersne@zimbio.com,9,Dearborn,Michigan,48126
844,Renault Doag,rdoagnf@wordpress.com,8,Harrisburg,Pennsylvania,17140
845,Corbin Tomsett,ctomsettng@nps.gov,7,Grand Rapids,Michigan,49505
846,Kate Whewill,kwhewillnh@google.cn,7,Orlando,Florida,32803
847,Lorilee Duligall,lduligallni@dailymotion.com,4,Wilmington,North Carolina,28410
848,Pia Puddin,ppuddinnj@mtv.com,3,Baton Rouge,Louisiana,70836
849,Lilla Fleming,lflemingnk@webs.com,9,Midland,Texas,79705
850,Gerrard Moyne,gmoynenl@google.nl,4,Cape Coral,Florida,33915
851,Corine Readman,creadmannm@java.com,4,Lawrenceville,Georgia,30045
852,Sara-ann Andrick,sandricknn@over-blog.com,7,San Jose,California,95123
853,Kacey Hacaud,khacaudno@behance.net,3,Port Charlotte,Florida,33954
854,Delila Gun,dgunnp@myspace.com,3,Ridgely,Maryland,21684
855,Sig Harrow,sharrownq@feedburner.com,2,Sunnyvale,California,94089
856,Brade Joscelyne,bjoscelynenr@myspace.com,8,Lake Charles,Louisiana,70616
857,Wyatan Filisov,wfilisovns@walmart.com,3,Orange,California,92668
858,Katrine Brownlow,kbrownlownt@cornell.edu,5,Austin,Texas,78778
859,Keefer Tregonna,ktregonnanu@wordpress.com,4,Los Angeles,California,90094
860,Jacquelyn Bowley,jbowleynv@slashdot.org,3,Dallas,Texas,75287
861,Adan Fassan,afassannw@google.com.hk,10,Durham,North Carolina,27710
862,Flo Epinay,fepinaynx@yahoo.co.jp,2,Fort Collins,Colorado,80525
863,Jenni Reddan,jreddanny@fc2.com,2,Brooklyn,New York,11210
864,Midge Laudham,mlaudhamnz@prnewswire.com,3,Schaumburg,Illinois,60193
865,Darcee Staynes,dstayneso0@ovh.net,5,Olympia,Washington,98506
866,Erek Wigelsworth,ewigelswortho1@va.gov,6,Huntington,West Virginia,25721
867,Ezekiel Posselwhite,eposselwhiteo2@webeden.co.uk,8,Salt Lake City,Utah,84125
868,Ketty Rawcliffe,krawcliffeo3@discovery.com,5,Boise,Idaho,83757
869,Ketty Terrelly,kterrellyo4@springer.com,10,New York City,New York,10170
870,Shandy Moy,smoyo5@scientificamerican.com,6,Conroe,Texas,77305
871,Bronny Gazzard,bgazzardo6@alexa.com,8,Atlanta,Georgia,30356
872,Jesselyn Forlonge,jforlongeo7@yelp.com,9,Miami,Florida,33185
873,Angel Verring,averringo8@nih.gov,3,Tyler,Texas,75799
874,Wallis Faltskog,wfaltskogo9@hc360.com,8,Tulsa,Oklahoma,74184
875,Rabbi Lassetter,rlassetteroa@networkadvertising.org,8,Brooksville,Florida,34605
876,Adolpho Jennens,ajennensob@is.gd,1,Montgomery,Alabama,36109
877,Carol-jean Cicchetto,ccicchettooc@opera.com,7,Oklahoma City,Oklahoma,73197
878,Marni Ferraro,mferrarood@intel.com,1,Chesapeake,Virginia,23324
879,Maryann Cloughton,mcloughtonoe@nhs.uk,4,Saint Louis,Missouri,63116
880,Sadella Keep,skeepof@time.com,7,Indianapolis,Indiana,46226
881,Bucky Kesey,bkeseyog@google.cn,8,Ocala,Florida,34474
882,Bobbe Wicks,bwicksoh@unblog.fr,4,Jackson,Mississippi,39296
883,Sander Nott,snottoi@washington.edu,5,Las Cruces,New Mexico,88006
884,Simone Skirvane,sskirvaneoj@bluehost.com,9,Visalia,California,93291
885,Torie Lipscombe,tlipscombeok@answers.com,2,Pueblo,Colorado,81015
886,Ransell Curnucke,rcurnuckeol@cmu.edu,2,Ann Arbor,Michigan,48107
887,Melany Botwood,mbotwoodom@paginegialle.it,9,Garden Grove,California,92645
888,Jennilee Winward,jwinwardon@topsy.com,1,Monticello,Minnesota,55585
889,Aymer Rentz,arentzoo@cyberchimps.com,5,Fort Worth,Texas,76192
890,Clio Samson,csamsonop@csmonitor.com,7,Erie,Pennsylvania,16510
891,Benn Doding,bdodingoq@nps.gov,1,Shawnee Mission,Kansas,66205
892,Lalo Gartland,lgartlandor@liveinternet.ru,1,New York City,New York,10105
893,Becky Rickcord,brickcordos@latimes.com,3,Inglewood,California,90310
894,Bebe Leggate,bleggateot@phpbb.com,1,Memphis,Tennessee,38104
895,Osborne Bottell,obottellou@hc360.com,8,Philadelphia,Pennsylvania,19191
896,Shaun Allum,sallumov@ted.com,6,Evansville,Indiana,47725
897,Hendrik Byron,hbyronow@vk.com,10,Biloxi,Mississippi,39534
898,Lorita Kitching,lkitchingox@chron.com,10,Oklahoma City,Oklahoma,73135
899,Farrel Westcarr,fwestcarroy@bing.com,10,Birmingham,Alabama,35215
900,Lura Asee,laseeoz@slate.com,2,Honolulu,Hawaii,96815
901,Marion Grimolbie,mgrimolbiep0@cam.ac.uk,8,Aiken,South Carolina,29805
902,Laverne Cleynman,lcleynmanp1@sphinn.com,10,Dayton,Ohio,45454
903,Marcelline Tennet,mtennetp2@usgs.gov,3,Jefferson City,Missouri,65110
904,Noble Hintzer,nhintzerp3@flickr.com,10,Fresno,California,93750
905,Garey Vallis,gvallisp4@liveinternet.ru,9,New Orleans,Louisiana,70179
906,Leela Corradi,lcorradip5@biblegateway.com,6,New York City,New York,10184
907,Aldous Main,amainp6@redcross.org,5,El Paso,Texas,79928
908,Gwen Carmen,gcarmenp7@umn.edu,4,Conroe,Texas,77305
909,Jacky Calcut,jcalcutp8@google.it,4,Fullerton,California,92835
910,Jeremie Mufford,jmuffordp9@shareasale.com,3,Louisville,Kentucky,40220
911,Hervey Solman,hsolmanpa@lycos.com,5,Washington,District of Columbia,20215
912,Sherilyn Rabbage,srabbagepb@naver.com,10,Atlanta,Georgia,30323
913,Valera Stolworthy,vstolworthypc@samsung.com,6,Birmingham,Alabama,35295
914,Jenn Arend,jarendpd@sogou.com,1,Shawnee Mission,Kansas,66215
915,Luther Heathcoat,lheathcoatpe@angelfire.com,3,Naperville,Illinois,60567
916,Smith Eake,seakepf@desdev.cn,6,Humble,Texas,77346
917,Margi Martel,mmartelpg@sitemeter.com,4,Huntsville,Alabama,35815
918,Claudianus Bolt,cboltph@examiner.com,4,Columbus,Ohio,43231
919,Honey Mallindine,hmallindinepi@histats.com,1,San Diego,California,92160
920,Almeria Cossey,acosseypj@vinaora.com,9,Visalia,California,93291
921,Jillayne De Santos,jdepk@hc360.com,2,Abilene,Texas,79699
922,Nicholle Doherty,ndohertypl@infoseek.co.jp,8,Greensboro,North Carolina,27415
923,Fiorenze Duling,fdulingpm@senate.gov,1,Monticello,Minnesota,55585
924,Minnie Minister,mministerpn@yandex.ru,5,Miami,Florida,33233
925,Grier Piesold,gpiesoldpo@yahoo.co.jp,6,Irving,Texas,75062
926,Moshe Kubyszek,mkubyszekpp@exblog.jp,5,Great Neck,New York,11024
927,Tobiah Palin,tpalinpq@discuz.net,10,Salt Lake City,Utah,84125
928,Ola Kreutzer,okreutzerpr@guardian.co.uk,1,Tampa,Florida,33610
929,Ellen Svanini,esvaninips@cyberchimps.com,8,Kansas City,Missouri,64114
930,Johny Rawstorn,jrawstornpt@hud.gov,2,Yonkers,New York,10705
931,Janaya Sarfati,jsarfatipu@ameblo.jp,6,Ashburn,Virginia,22093
932,Daphne Aspole,daspolepv@ihg.com,5,Chattanooga,Tennessee,37450
933,Anjanette Cowdroy,acowdroypw@huffingtonpost.com,1,Orlando,Florida,32868
934,Christina Canlin,ccanlinpx@ucsd.edu,8,Spokane,Washington,99210
935,Kailey Blemings,kblemingspy@google.nl,4,Baltimore,Maryland,21265
936,Andi Tunnock,atunnockpz@google.de,2,Pompano Beach,Florida,33069
937,Petrina Fantonetti,pfantonettiq0@tmall.com,9,Memphis,Tennessee,38131
938,Carree Mattia,cmattiaq1@boston.com,4,Charleston,South Carolina,29416
939,Meta Britner,mbritnerq2@meetup.com,1,Bakersfield,California,93311
940,Cordi Yglesia,cyglesiaq3@biglobe.ne.jp,4,Sarasota,Florida,34276
941,Gale Habbeshaw,ghabbeshawq4@clickbank.net,3,Peoria,Illinois,61635
942,Anna Barnes,abarnesq5@cmu.edu,5,Sacramento,California,94280
943,Pierre Sollett,psollettq6@xinhuanet.com,7,Santa Ana,California,92705
944,Katlin Kemme,kkemmeq7@geocities.jp,10,Birmingham,Alabama,35244
945,Lothaire Willoway,lwillowayq8@npr.org,7,Jacksonville,Florida,32255
946,Teddy Sowman,tsowmanq9@cbslocal.com,10,Hartford,Connecticut,06140
947,Hillard Woodward,hwoodwardqa@mashable.com,7,Jamaica,New York,11470
948,Odille Hacard,ohacardqb@alibaba.com,4,Grand Rapids,Michigan,49505
949,Erastus Fearns,efearnsqc@slideshare.net,8,Austin,Texas,78721
950,Cymbre Chadbourn,cchadbournqd@xrea.com,2,Kent,Washington,98042
951,Brand McPhater,bmcphaterqe@hexun.com,8,Birmingham,Alabama,35242
952,Tomlin Silbermann,tsilbermannqf@netvibes.com,3,Philadelphia,Pennsylvania,19109
953,Odetta De Domenici,odeqg@artisteer.com,5,South Bend,Indiana,46614
954,Zaneta Jacquemy,zjacquemyqh@amazon.co.jp,10,Colorado Springs,Colorado,80915
955,Hillel Blackshaw,hblackshawqi@theguardian.com,1,Frankfort,Kentucky,40618
956,Adena MacKeogh,amackeoghqj@ezinearticles.com,6,Washington,District of Columbia,20370
957,Beale Tulley,btulleyqk@usnews.com,6,Aurora,Colorado,80044
958,Red Dymock,rdymockql@vk.com,7,Sarasota,Florida,34276
959,Douglas Walton,dwaltonqm@cafepress.com,1,Metairie,Louisiana,70005
960,Briana McIlmorie,bmcilmorieqn@odnoklassniki.ru,8,Hollywood,Florida,33023
961,Reube Endrizzi,rendrizziqo@bizjournals.com,1,Little Rock,Arkansas,72204
962,Clari Gallyon,cgallyonqp@livejournal.com,8,Evansville,Indiana,47712
963,Prince Pauly,ppaulyqq@google.it,10,Omaha,Nebraska,68134
964,Sumner Bendtsen,sbendtsenqr@msu.edu,8,Louisville,Kentucky,40293
965,Halsy Pawsey,hpawseyqs@ustream.tv,5,Denver,Colorado,80255
966,Corine Sleicht,csleichtqt@blogs.com,4,Washington,District of Columbia,20220
967,Gradeigh Smead,gsmeadqu@ed.gov,3,Washington,District of Columbia,20041
968,Jillane Sowley,jsowleyqv@slashdot.org,2,Evanston,Illinois,60208
969,Nels Eloy,neloyqw@stumbleupon.com,8,Philadelphia,Pennsylvania,19104
970,Alla Phillps,aphillpsqx@a8.net,5,Minneapolis,Minnesota,55448
971,Kimball MacIlory,kmaciloryqy@reference.com,4,Columbus,Georgia,31904
972,Rodrigo Lempenny,rlempennyqz@gravatar.com,4,Atlanta,Georgia,30323
973,Wade Pullinger,wpullingerr0@domainmarket.com,9,Stockton,California,95298
974,Diane Petrakov,dpetrakovr1@prnewswire.com,4,Topeka,Kansas,66617
975,Ivie Goodrick,igoodrickr2@businesswire.com,7,Tyler,Texas,75705
976,Eric Carlet,ecarletr3@google.it,1,Washington,District of Columbia,20470
977,Neddy Willden,nwilldenr4@samsung.com,3,Green Bay,Wisconsin,54305
978,Rosie MacArd,rmacardr5@auda.org.au,6,Philadelphia,Pennsylvania,19093
979,Corinne Leipoldt,cleipoldtr6@privacy.gov.au,1,Homestead,Florida,33034
980,Trixy Phayre,tphayrer7@i2i.jp,10,Virginia Beach,Virginia,23471
981,Felix Snasel,fsnaselr8@state.tx.us,10,Santa Cruz,California,95064
982,Casey Cussins,ccussinsr9@imgur.com,7,Norcross,Georgia,30092
983,Fran Imorts,fimortsra@lulu.com,2,Fort Lauderdale,Florida,33345
984,Else Celloni,ecellonirb@rakuten.co.jp,4,Houston,Texas,77260
985,Nobe Cafferky,ncafferkyrc@bandcamp.com,6,Syracuse,New York,13205
986,Wilmar Joe,wjoerd@shinystat.com,10,Abilene,Texas,79605
987,Nikki MacCoveney,nmaccoveneyre@comcast.net,4,New Hyde Park,New York,11044
988,Bastian Estrella,bestrellarf@washington.edu,7,Charlotte,North Carolina,28205
989,Rheta Simonyi,rsimonyirg@amazon.co.uk,8,Asheville,North Carolina,28815
990,Olivette Stapforth,ostapforthrh@cisco.com,1,Kansas City,Missouri,64190
991,Jacquenetta Kermit,jkermitri@twitpic.com,2,Boston,Massachusetts,02109
992,Ryan Brockett,rbrockettrj@simplemachines.org,6,Daytona Beach,Florida,32123
993,Fransisco Rushmere,frushmererk@nifty.com,1,Grand Rapids,Michigan,49510
994,Abbey Vigne,avignerl@si.edu,6,Fresno,California,93726
995,Andreana Richardeau,arichardeaurm@free.fr,9,Spring,Texas,77388
996,Sibyl Ofener,sofenerrn@statcounter.com,4,Chicago,Illinois,60641
997,Alayne Brewse,abrewsero@cafepress.com,1,Philadelphia,Pennsylvania,19125
998,Boyd Jukes,bjukesrp@apache.org,5,Dallas,Texas,75397
999,Jude Hibbart,jhibbartrq@pagesperso-orange.fr,3,Pensacola,Florida,32595
1000,Georg Doe,gdoerr@goodreads.com,4,Washington,District of Columbia,20392
